<PlusConfiguration version="2.3" PlusRevision="Plus-2.1.1.3255 - Win32">
  <DataCollection StartupDelaySec="1">
    <DeviceSet Name="Plus Server: Scoliosis calibration" Description="Scoliosis calibration" />
    <Device
      Id="VideoDevice"
      Type="IntersonVideo"
      AcquisitionRate="30"
      SoundVelocity="1541"
      DepthMm="100"
      Intensity="128"
      Contrast="256"
      GainPercent="0 0 60"
      ImageSize="800 512"
      SectorPercent="-1"
      DynRangeDb="-1"
      ZoomFactor="-1"
      FrequencyMhz="-1">
      <DataSources>
        <DataSource Type="Video" Id="Video" PortUsImageOrientation="MF" BufferSize="500" AveragedItemsForFiltering="20" />
      </DataSources>
      <OutputChannels>
        <OutputChannel Id="VideoStream" VideoDataSourceId="Video" />
      </OutputChannels>
    </Device>
    <Device
      Id="TrackerDevice"
      Type="MicronTracker"
      AcquisitionRate="50"
      LocalTimeOffsetSec="0.0"
      ToolReferenceFrame="Tracker"
      TemplateDirectory="Markers"
      IniFile="MicronTracker.ini">
      <DataSources>
        <DataSource Type="Tool" Id="Stylus" PortName="Stylus" BufferSize="500" AveragedItemsForFiltering="20" />
        <DataSource Type="Tool" Id="Probe" PortName="SpineMarker3" BufferSize="500" AveragedItemsForFiltering="20" />
      </DataSources>
      <OutputChannels>
        <OutputChannel Id="TrackerStream">
          <DataSource Id="Probe" />
          <DataSource Id="Stylus" />
        </OutputChannel>
      </OutputChannels>
    </Device>
    <Device Id="TrackedVideoDevice" Type="VirtualMixer">
      <InputChannels>
        <InputChannel Id="TrackerStream" />
        <InputChannel Id="VideoStream" />
      </InputChannels>
      <OutputChannels>
        <OutputChannel Id="TrackedVideoStream" />
      </OutputChannels>
    </Device>
    <Device
      Id="CaptureDevice"
      Type="VirtualDiscCapture"
      BaseFilename="RecordingTest.mha"
      EnableCapturing="FALSE"
      EnableCapture="FALSE"
      RequestedFrameRate="30">
      <InputChannels>
        <InputChannel Id="TrackedVideoStream" />
      </InputChannels>
    </Device>
    <Device Id="VolumeReconstructorDevice" Type="VirtualVolumeReconstructor" EnableReconstruction="FALSE">
      <InputChannels>
        <InputChannel Id="TrackedVideoStream" />
      </InputChannels>
      <VolumeReconstruction
        ImageCoordinateFrame="Image"
        ReferenceCoordinateFrame="Reference"
        Interpolation="LINEAR"
        Optimization="FULL"
        Compounding="On"
        FillHoles="Off"
        NumberOfThreads="2"
        OutputSpacing="0.5 0.5 0.5">
        <HoleFilling>
          <HoleFillingElement Type="GAUSSIAN" Size="5" Stdev="0.6667" MinimumKnownVoxelsRatio="0.50001" />
          <HoleFillingElement Type="STICK" StickLengthLimit="9" NumberOfSticksToUse="1" />
        </HoleFilling>
        <VolumeReconstruction
          ImageCoordinateFrame="Image"
          ReferenceCoordinateFrame="Reference"
          OutputSpacing="0.5 0.5 0.5"
          OutputOrigin="0 0 0"
          OutputExtent="0 0 0 0 0 0"
          ClipRectangleOrigin="0 0"
          ClipRectangleSize="0 0"
          Interpolation="LINEAR"
          Optimization="FULL"
          Compounding="On"
          NumberOfThreads="2" />
      </VolumeReconstruction>
    </Device>
  </DataCollection>
  <PlusOpenIGTLinkServer MaxNumberOfIgtlMessagesToSend="1" MaxTimeSpentWithProcessingMs="50" ListeningPort="18944" SendValidTransformsOnly="true" OutputChannelId="TrackedVideoStream">
    <DefaultClientInfo>
      <MessageTypes>
        <Message Type="IMAGE" />
        <Message Type="TRANSFORM" />
      </MessageTypes>
      <TransformNames>
        <Transform Name="StylusToProbe" />
      </TransformNames>
      <ImageNames>
        <Image Name="Image" EmbeddedTransformToFrame="Image" />
        <Image Name="Image" EmbeddedTransformToFrame="Probe" />
      </ImageNames>
    </DefaultClientInfo>
  </PlusOpenIGTLinkServer>
  <CoordinateDefinitions>
    <Transform From="Image" To="Probe"
      Matrix="
        -0.0114601	0.00130205	-0.141876	-23.6327
        -0.00685442	0.140044	0.00117713	67.1112
        0.143971	-0.0017691	-0.0112372	-16.6256
        0	0	0	1"
       Error="2.93937" Date="021314_162225" />
    <Transform From="Image" To="TransducerOriginPixel"
      Matrix="
        1	0	0	-410
        0	1	0	5
        0	0	1	0
        0	0	0	1"
       Date="2011.12.06 17:57:00" />
    <Transform From="Phantom" To="Reference"
      Matrix="
        0.0167254	0.999845	-0.00551105	-41.5065
        -0.999575	0.0165886	-0.0239855	-24.5627
        -0.0238904	0.00590987	0.999697	-154.308
        0	0	0	1"
       Error="0.538973" Date="021314_112332" />
    <Transform From="StylusTip" To="Stylus"
      Matrix="
        -0.121979	0.000464482	0.992533	-19.3127
        0.00380786	0.999993	0	0.602891
        -0.992525	0.00377942	-0.12198	-157.145
        0	0	0	1"
       Error="0.44262" Date="021314_112215" />
    <Transform From="TransducerOriginPixel" To="TransducerOrigin"
      Matrix="
        0.147139	0	0	0
        0	0.13738	0	0
        0	0	0.142325	0
        0	0	0	1"
       Date="021314_162226" />
  </CoordinateDefinitions>
  <Rendering WorldCoordinateFrame="Reference" DisplayedImageOrientation="MF">
    <DisplayableObject Type="Model" ObjectCoordinateFrame="TransducerOrigin" Id="ProbeModel" File="Probe_L14-5_38.stl"
      ModelToObjectTransform="
        -1	0	0	29.7
        0	-1	0	1.5
        0	0	1	-14
        0	0	0	1" />
    <DisplayableObject Type="Model" ObjectCoordinateFrame="Reference" Id="Volume" />
    <DisplayableObject Type="Model" ObjectCoordinateFrame="StylusTip" Id="StylusModel" File="Stylus_Example.stl"
      ModelToObjectTransform="
        1	0	0	-210
        0	1	0	0
        0	0	1	0
        0	0	0	1" />
    <DisplayableObject
      Id="PhantomModel"
      Type="Model"
      ObjectCoordinateFrame="Phantom"
      Opacity="0.6"
      File="fCal_2.0.stl"
      ModelToObjectTransform="
        1	0	0	-35
        0	1	0	-10
        0	0	1	-5
        0	0	0	1" />
    <DisplayableObject Type="Image" ObjectCoordinateFrame="Image" Id="LiveImage" />
  </Rendering>
  <Segmentation
    ApproximateSpacingMmPerPixel="0.146474"
    MorphologicalOpeningCircleRadiusMm="0.41"
    MorphologicalOpeningBarSizeMm="6"
    ClipRectangleOrigin="54 87"
    ClipRectangleSize="633 472"
    MaxLinePairDistanceErrorPercent="10"
    AngleToleranceDegrees="10"
    MaxAngleDifferenceDegrees="10"
    MinThetaDegrees="-50"
    MaxThetaDegrees="50"
    MaxLineShiftMm="10"
    ThresholdImagePercent="10.1"
    CollinearPointsMaxDistanceFromLineMm="0.6"
    UseOriginalImageIntensityForDotIntensityScore="0" />
  <PhantomDefinition>
    <Description Name="fCAL" Type="Double-N" Version="2.0" WiringVersion="2.0" Institution="Queen&apos;s University PerkLab" />
    <Geometry>
      <Pattern Type="NWire">
        <Wire Name="7:G1_g1" EndPointFront="30.0 0.0 20.0" EndPointBack="30.0 40.0 20.0" />
        <Wire Name="8:L1_h1" EndPointFront="55.0 0.0 20.0" EndPointBack="35.0 40.0 20.0" />
        <Wire Name="9:M1_m1" EndPointFront="60.0 0.0 20.0" EndPointBack="60.0 40.0 20.0" />
      </Pattern>
      <Pattern Type="NWire">
        <Wire Name="4:G3_g3" EndPointFront="30.0 0.0 10.0" EndPointBack="30.0 40.0 10.0" />
        <Wire Name="5:H3_l3" EndPointFront="35.0 0.0 10.0" EndPointBack="55.0 40.0 10.0" />
        <Wire Name="6:M3_m3" EndPointFront="60.0 0.0 10.0" EndPointBack="60.0 40.0 10.0" />
      </Pattern>
      <Pattern Type="NWire">
        <Wire Name="1:H5_h5" EndPointFront="35.0 0.0 0.0" EndPointBack="35.0 40.0 0.0" />
        <Wire Name="2:L5_i5" EndPointFront="55.0 0.0 0.0" EndPointBack="40.0 40.0 0.0" />
        <Wire Name="3:M5_m5" EndPointFront="60.0 0.0 0.0" EndPointBack="60.0 40.0 0.0" />
      </Pattern>
      <Landmarks>
        <Landmark Name="#1" Position="104.3 5.0 20.0" />
        <Landmark Name="#2" Position="104.3 45.0 20.0" />
        <Landmark Name="#3" Position="104.3 45.0 0.0" />
        <Landmark Name="#4" Position="104.3 -5.0 0.0" />
        <Landmark Name="#5" Position="-34.3 45.0 15.0" />
        <Landmark Name="#6" Position="-34.3 -5.0 20.0" />
        <Landmark Name="#7" Position="-34.3 -5.0 0.0" />
        <Landmark Name="#8" Position="-34.3 45.0 0.0" />
      </Landmarks>
    </Geometry>
  </PhantomDefinition>
  <fCal
    PhantomModelId="PhantomModel"
    ReconstructedVolumeId="Volume"
    TransducerModelId="ProbeModel"
    StylusModelId="StylusModel"
    ImageDisplayableObjectId="LiveImage"
    NumberOfCalibrationImagesToAcquire="200"
    NumberOfValidationImagesToAcquire="100"
    NumberOfStylusCalibrationPointsToAcquire="200"
    RecordingIntervalMs="100"
    MaxTimeSpentWithProcessingMs="70"
    ImageCoordinateFrame="Image"
    ProbeCoordinateFrame="Probe"
    ReferenceCoordinateFrame="Reference"
    TransducerOriginCoordinateFrame="TransducerOrigin"
    TransducerOriginPixelCoordinateFrame="TransducerOriginPixel"
    TemporalCalibrationDurationSec="10"
    DefaultSelectedChannelId="TrackedVideoStream" />
  <vtkPivotCalibrationAlgo ObjectMarkerCoordinateFrame="Stylus" ReferenceCoordinateFrame="Reference" ObjectPivotPointCoordinateFrame="StylusTip" />
  <vtkPhantomLandmarkRegistrationAlgo PhantomCoordinateFrame="Phantom" ReferenceCoordinateFrame="Reference" StylusTipCoordinateFrame="StylusTip" />
  <vtkProbeCalibrationAlgo ImageCoordinateFrame="Image" ProbeCoordinateFrame="Probe" PhantomCoordinateFrame="Phantom" ReferenceCoordinateFrame="Reference" />
</PlusConfiguration>
